{"cameraMode":{"drawMode":0,"name":"Shaded","section":"Shading Mode"},"sceneLighting":false,"audioPlay":false,"sceneViewState":{"showFog":true,"showMaterialUpdate":false,"showSkybox":false,"showFlares":true,"showImageEffects":true,"showParticleSystems":true},"in2DMode":false,"pivot":{"x":1.2370097637176514,"y":0.7677030563354492,"z":0.512923538684845},"rotation":{"x":0.02887961082160473,"y":-0.9556100964546204,"z":0.10012751072645188,"w":0.27561303973197939},"size":0.44177448749542239,"orthographic":false}