{"cameraMode":{"drawMode":0,"name":"Shaded","section":"Shading Mode"},"sceneLighting":false,"audioPlay":false,"sceneViewState":{"showFog":true,"showMaterialUpdate":false,"showSkybox":false,"showFlares":true,"showImageEffects":true,"showParticleSystems":true},"in2DMode":false,"pivot":{"x":-3.745401382446289,"y":-1.0251734256744385,"z":0.5304284691810608},"rotation":{"x":0.12371449917554856,"y":-0.6249278783798218,"z":0.10116776823997498,"w":0.7641572952270508},"size":3.4143571853637697,"orthographic":false}